wkt_geom,id,name,nlc_id,nr_id,category
Point (519483.61075180512852967 179598.01440079271560535),940GZZLUACT,Acton Town,500,,LU
Point (532072.52332466305233538 181864.77020797762088478),940GZZLUBBN,Barbican,501,,LU
Point (533621.97200833389069885 181224.42901138617889956),940GZZLUALD,Aldgate,502,,LU
Point (533885.25462538469582796 181348.2904276509070769),940GZZLUADE,Aldgate East,503,,LU
Point (538164.67833861836697906 184869.85626377654261887),940GZZDLSIT,Stratford International,504,,Add DLR
Point (518029.63654509501066059 183782.1917053185752593),940GZZLUALP,Alperton,505,,LU
Point (531460.69864769047126174 183140.42072749807266518),940GZZLUAGL,Angel,507,,LU
Point (529380.89060709322802722 186820.19643707858631387),940GZZLUACY,Archway,508,,LU
Point (529338.08366531087085605 192505.77306494553340599),940GZZLUASG,Arnos Grove,509,,LU
Point (531249.3170523343142122 186028.42371464899042621),940GZZLUASL,Arsenal,510,,LU
Point (528061.85906117095146328 182016.42855333944316953),940GZZLUBST,Baker Street,511,,LU
Point (528459.55466951592825353 173198.55502399581018835),940GZZLUBLM,Balham,512,,LU
Point (532702.85547851852606982 181128.36542522493982688),940GZZLUBNK,Bank,513,,LU
Point (532911.49266955151688308 180822.2903704380732961),940GZZLUMMT,Monument,0644,,LU
Point (544428.7842245667707175 184347.27029620786197484),940GZZLUBKG,Barking,514,,LU
Point (544793.94452786666806787 189493.64737186097772792),940GZZLUBKE,Barkingside,515,,LU
Point (524109.40612572839017957 178330.92610325693385676),940GZZLUBSC,Barons Court,516,,LU
Point (525847.4447534327628091 180829.71085598267382011),940GZZLUBWT,Bayswater,517,,LU
Point (547620.66672184970229864 184530.7499359927023761),940GZZLUBEC,Becontree,518,,LU
Point (527346.69521996949333698 185088.95391826878767461),940GZZLUBZP,Belsize Park,519,,LU
Point (534985.8548399688443169 182749.03546552557963878),940GZZLUBLG,Bethnal Green,520,,LU
Point (531725.87226836057379842 180916.50277273048413917),940GZZLUBKF,Blackfriars,521,,LU
Point (535834.26234484661836177 189395.82573497662087902),940GZZLUBLR,Blackhorse Road,522,,LU
Point (543226.04097504972014576 180134.54668178252177313),940GZZDLKGV,King George V,523,,Add DLR
Point (528537.56666938925627619 181118.7441837121732533),940GZZLUBND,Bond Street,524,,LU
Point (532431.95039360923692584 179746.3711445655208081),940GZZLUBOR,Borough,525,,LU
Point (516390.77069063915405422 178759.08272982650669292),940GZZLUBOS,Boston Manor,526,,LU
Point (529997.29393500264268368 191475.57133087777765468),940GZZLUBDS,Bounds Green,527,,LU
Point (537113.40252366557251662 182739.19766703812638298),940GZZLUBWR,Bow Road,528,,LU
Point (523888.23956827900838107 187943.65692745114210993),940GZZLUBTX,Brent Cross,529,,LU
Point (538039.3713641733629629 182526.58484021108597517),940GZZLUBBB,Bromley-by-Bow,530,,LU
Point (520327.08353188156615943 190766.93767967616440728),940GZZLUBTK,Burnt Oak,532,,LU
Point (542238.92847355816047639 180298.67872610554331914),940GZZDLLCA,London City Airport,533,,Add DLR
Point (530564.61985768901649863 184959.12658942746929824),940GZZLUCAR,Caledonian Road,534,,LU
Point (528914.17147328075952828 183867.2773823791067116),940GZZLUCTN,Camden Town,535,,LU
Point (532616.30066083755809814 180897.06684952514478937),940GZZLUCST,Cannon Street,536,,LU
Point (518181.98959724442102015 191262.93065123370615765),940GZZLUCPK,Canons Park,537,,LU
Point (541181.09904593054670841 180106.57447395072085783),940GZZDLPDK,Pontoon Dock,538,,Add DLR
Point (528142.60045224614441395 184433.19460813578916714),940GZZLUCFM,Chalk Farm,540,,LU
Point (531084.49718696554191411 181605.12250931799644604),940GZZLUCHL,Chancery Lane,541,,LU
Point (530390.80548154306598008 180352.39286466856719926),940GZZLUEMB,Embankment,542,,LU
Point (520323.44399376248475164 178720.55762982816668227),940GZZLUCWP,Chiswick Park,545,,LU
Point (529476.45651597436517477 175318.63220532180275768),940GZZLUCPC,Clapham Common,547,,LU
Point (530001.73867403611075133 175680.49292228848207742),940GZZLUCPN,Clapham North,548,,LU
Point (528808.06311689119320363 174275.39487755211303011),940GZZLUCPS,Clapham South,549,,LU
Point (528125.8270320714218542 196383.9796761401812546),940GZZLUCKS,Cockfosters,550,,LU
Point (521328.23668181174434721 189956.77409334958065301),940GZZLUCND,Colindale,551,,LU
Point (526784.40656951570417732 170369.36997133673867211),940GZZLUCSD,Colliers Wood,552,,LU
Point (530261.18680797785054892 181021.8327328700106591),940GZZLUCGN,Covent Garden,553,,LU
Point (550268.83881039754487574 185035.44885534327477217),940GZZLUDGE,Dagenham East,555,,LU
Point (549032.9723205822519958 184722.12648360681487247),940GZZLUDGY,Dagenham Heathway,556,,LU
Point (522175.10990473930723965 185162.60910258535295725),940GZZLUDOH,Dollis Hill,558,,LU
Point (540444.7538503531832248 180165.66420619771815836),940GZZDLWSV,West Silvertown,559,,Add DLR
Point (517950.2588597719441168 180959.27621430164435878),940GZZLUEBY,Ealing Broadway,560,,LU
Point (518891.14279405027627945 180392.24684709537541494),940GZZLUECM,Ealing Common,561,,LU
Point (525465.35620400577317923 178500.14545282261678949),940GZZLUECT,Earl's Court,562,,LU
Point (521690.50692058686399832 181233.19545303290942684),940GZZLUEAN,East Acton,563,,LU
Point (511172.26715353620238602 187638.63082292303442955),940GZZLUEAE,Eastcote,564,,LU
Point (527206.97115594113711268 189234.94103500578785315),940GZZLUEFY,East Finchley,565,,LU
Point (542405.55779522377997637 184261.49064896191703156),940GZZLUEHM,East Ham,566,,LU
Point (524380.68868069886229932 174867.04460915725212544),940GZZLUEPY,East Putney,567,,LU
Point (519497.89971928141312674 191987.31108872767072171),940GZZLUEGW,Edgware,568,,LU
Point (527197.172157246270217 181686.55855912866536528),940GZZLUERC,Edgware Road,569,,LU
Point (531953.23952503153122962 179098.50590967544121668),940GZZLUEAC,Elephant & Castle,570,,LU
Point (552456.89374264667276293 185710.92449511552695185),940GZZLUEPK,Elm Park,571,,LU
Point (543764.21791157545521855 178852.75570771365892142),940GZZDLWLA,Woolwich Arsenal,573,,Add DLR
Point (529517.53094238578341901 182713.36548855021828786),940GZZLUEUS,Euston,574,,LU
Point (529438.73862525378353894 182405.53375709004467353),940GZZLUESQ,Euston Square,575,,LU
Point (544936.65758969658054411 190643.96632867900189012),940GZZLUFLP,Fairlop,576,,LU
Point (531595.71762980427592993 181851.50587660621386021),940GZZLUFCN,Farringdon,577,,LU
Point (525319.55250240920577198 190647.45573659602086991),940GZZLUFYC,Finchley Central,578,,LU
Point (526232.99478812795132399 184738.69760582392336801),940GZZLUFYR,Finchley Road,579,,LU
Point (531351.81257496948819607 186789.35662971175042912),940GZZLUFPK,Finsbury Park,580,,LU
Point (525419.08006915135774761 177241.93917047441937029),940GZZLUFBY,Fulham Broadway,581,,LU
Point (543282.47029381757602096 188444.55938813445391133),940GZZLUGTH,Gants Hill,582,,LU
Point (526199.7176749532809481 178847.30565619625849649),940GZZLUGTR,Gloucester Road,583,,LU
Point (525248.9155092443106696 187498.2997052218997851),940GZZLUGGN,Golders Green,584,,LU
Point (523180.64336923643713817 179608.70802990644006059),940GZZLUGHK,Goldhawk Road,585,,LU
Point (529534.94971270626410842 181832.81237706972751766),940GZZLUGDG,Goodge Street,586,,LU
Point (528862.17676636413671076 182185.31792882474837825),940GZZLUGPS,Great Portland Street,588,,LU
Point (514879.9339311154326424 183891.62586234253831208),940GZZLUGFD,Greenford,589,,LU
Point (528966.59313075058162212 180265.24975122249452397),940GZZLUGPK,Green Park,590,,LU
Point (519827.38157535251230001 178378.93370594223961234),940GZZLUGBY,Gunnersbury,591,,LU
Point (545075.28651799471117556 191511.57730679941596463),940GZZLUHLT,Hainault,592,,LU
Point (523439.18332829227438197 178521.86201803165022284),940GZZLUHSD,Hammersmith,593,,LU
Point (526394.39260348444804549 185746.02803143201163039),940GZZLUHTD,Hampstead,594,,LU
Point (518483.95968934311531484 182651.52400299167493358),940GZZLUHGR,Hanger Lane,595,,LU
Point (520918.59873709885869175 183384.54844521853374317),940GZZLUHSN,Harlesden,596,,LU
Point (515406.05442055920138955 189481.54922763031208888),940GZZLUHAW,Harrow & Wealdstone,597,,LU
Point (515376.41794982273131609 188025.15518148790579289),940GZZLUHOH,Harrow-on-the-Hill,598,,LU
Point (523364.29932320618536323 180517.45806555513991043),940GZZLUWLA,Wood Lane,599,,LU
Point (523001.62179661937989295 188637.83140390086919069),940GZZLUHCL,Hendon Central,601,,LU
Point (524982.60576967766974121 196230.45594890200300142),940GZZLUHBT,High Barnet,602,,LU
Point (531582.00894553528632969 184832.56636458926368505),940GZZLUHAI,Highbury & Islington,603,,LU
Point (528581.37031688797287643 188165.59624441451160237),940GZZLUHGT,Highgate,604,,LU
Point (525544.0712901430670172 179554.63193578348727897),940GZZLUHSK,High Street Kensington,605,,LU
Point (507545.22487450635526329 185014.61279595398809761),940GZZLUHGD,Hillingdon,606,,LU
Point (530527.03033005725592375 181535.51446464058244601),940GZZLUHBN,Holborn,607,,LU
Point (524625.78482464444823563 180236.98255982919363305),940GZZLUHPK,Holland Park,608,,LU
Point (530923.63140866684261709 185453.18167238886235282),940GZZLUHWY,Holloway Road,609,,LU
Point (553903.4353901696158573 186240.13040251168422401),940GZZLUHCH,Hornchurch,610,,LU
Point (513558.29572588606970385 175975.62258459767326713),940GZZLUHWC,Hounslow Central,611,,LU
Point (514254.94784338062163442 176205.08719479804858565),940GZZLUHWE,Hounslow East,612,,LU
Point (512161.48181342706084251 176191.56584617088083178),940GZZLUHWT,Hounslow West,613,,LU
Point (528321.68251858465373516 179848.71933036105474457),940GZZLUHPC,Hyde Park Corner,614,,LU
Point (508090.16098578710807487 185943.7108804231393151),940GZZLUICK,Ickenham,615,,LU
Point (531624.53423001244664192 178359.4306121522677131),940GZZLUKNG,Kennington,616,,LU
Point (523247.6310503970598802 182795.52397924527758732),940GZZLUKSL,Kensal Green,617,,LU
Point (524378.13907964574173093 179146.84614210808649659),940GZZLUKOY,Kensington (Olympia),618,,LU
Point (529007.99185440479777753 185134.8367148203542456),940GZZLUKSH,Kentish Town,619,,LU
Point (516734.42520761542255059 188311.34574725414859131),940GZZLUKEN,Kenton,620,,LU
Point (519196.51772750273812562 176746.66573138762032613),940GZZLUKWG,Kew Gardens,621,,LU
Point (524542.05186554952524602 184657.67764678603271022),940GZZLUKBN,Kilburn,622,,LU
Point (525347.87607279291842133 183356.71298080828273669),940GZZLUKPK,Kilburn Park,623,,LU
Point (519358.64376218616962433 188726.94500757363857701),940GZZLUKBY,Kingsbury,624,,LU
Point (530298.03730839199852198 182975.06570634013041854),940GZZLUKSX,King's Cross St. Pancras,625,,LU
Point (527767.8900682496605441 179683.98747515125432983),940GZZLUKNB,Knightsbridge,626,,LU
Point (524230.82148977415636182 181339.05591908463975415),940GZZLULAD,Ladbroke Grove,627,,LU
Point (531128.12329837598372251 179466.96546213491819799),940GZZLULBN,Lambeth North,628,,LU
Point (526729.38184231147170067 180800.25473184918519109),940GZZLULGT,Lancaster Gate,629,,LU
Point (523757.91835988702950999 180896.7504601037944667),940GZZLULRD,Latimer Road,630,,LU
Point (529968.50671717373188585 180809.89680686389328912),940GZZLULSQ,Leicester Square,631,,LU
Point (538371.1893636581953615 186084.93711699917912483),940GZZLULYN,Leyton,632,,LU
Point (539291.95237987651489675 187439.98992099886527285),940GZZLULYS,Leytonstone,633,,LU
Point (533092.44433899829164147 181567.02132148528471589),940GZZLULVT,Liverpool Street,634,,LU
Point (532682.54905193601734936 180189.84645557455951348),940GZZLULNB,London Bridge,635,,LU
Point (525942.3711512649897486 182775.90278867859160528),940GZZLUMVL,Maida Vale,637,,LU
Point (532038.45897590566892177 187458.4015844373498112),940GZZLUMRH,Manor House,638,,LU
Point (532376.73536450788378716 180948.5948882955708541),940GZZLUMSH,Mansion House,639,,LU
Point (527925.75689455273095518 181015.88881556881824508),940GZZLUMBA,Marble Arch,640,,LU
Point (527527.66318080073688179 181977.9754149877699092),940GZZLUMYB,Marylebone,641,,LU
Point (536521.18200626934412867 182554.5092315505607985),940GZZLUMED,Mile End,642,,LU
Point (524038.09839279751759022 191457.87876977626001462),940GZZLUMHL,Mill Hill East,643,,LU
Point (532737.82197296502999961 181648.96179356845095754),940GZZLUMGT,Moorgate,645,,LU
Point (525670.40628806734457612 168587.14155943255173042),940GZZLUMDN,Morden,647,,LU
Point (529205.72255458275321871 183364.77714960410958156),940GZZLUMTC,Mornington Crescent,648,,LU
Point (521425.39806805574335158 185376.99665085616288707),940GZZLUNDN,Neasden,649,,LU
Point (544920.6186481867916882 188378.61534917767858133),940GZZLUNBP,Newbury Park,650,,LU
Point (520830.31405163614545017 181962.10469959565671161),940GZZLUNAN,North Acton,653,,LU
Point (518846.29522176430327818 181257.71272967144614086),940GZZLUNEN,North Ealing,654,,LU
Point (517184.07219117466593161 179206.25106473156483844),940GZZLUNFD,Northfields,655,,LU
Point (513526.47840889205690473 188624.47289816505508497),940GZZLUNHA,North Harrow,656,,LU
Point (513182.6639888456556946 184543.67436730692861602),940GZZLUNHT,Northolt,657,,LU
Point (517666.78033206751570106 186205.01111410016892478),940GZZLUNWY,North Wembley,659,,LU
Point (516662.0428565297042951 187971.18164618825539947),940GZZLUNKP,Northwick Park,660,,LU
Point (509243.4018035609042272 191399.26024620188400149),940GZZLUNOW,Northwood,661,,LU
Point (510291.05207878607325256 190262.57711619947804138),940GZZLUNWH,Northwood Hills,662,,LU
Point (525283.05217804445419461 180467.13250413007335737),940GZZLUNHG,Notting Hill Gate,663,,LU
Point (529373.66528371989261359 195945.23305846547009423),940GZZLUOAK,Oakwood,664,,LU
Point (532767.91248058446217328 182485.28308812202885747),940GZZLUODS,Old Street,665,,LU
Point (514514.13096327241510153 177089.38702436629682779),940GZZLUOSY,Osterley,667,,LU
Point (531171.41762636275961995 177570.03843266458716244),940GZZLUOVL,Oval,668,,LU
Point (529013.94600835943128914 181240.13888898579170927),940GZZLUOXC,Oxford Circus,669,,LU
Point (526763.44650328170973808 181255.47541552665643394),940GZZLUPAC,Paddington,670,,LU
Point (519141.04895282915094867 182246.88215466518886387),940GZZLUPKR,Park Royal,671,,LU
Point (525029.25409357063472271 176689.1633431643131189),940GZZLUPSG,Parsons Green,672,,LU
Point (516366.412864820798859 183319.320085444371216),940GZZLUPVL,Perivale,673,,LU
Point (529628.46200879127718508 180660.57023918180493638),940GZZLUPCC,Piccadilly Circus,674,,LU
Point (512259.62505513080395758 189454.523349700786639),940GZZLUPNR,Pinner,675,,LU
Point (539972.79926497163251042 183294.03520743449917063),940GZZLUPLW,Plaistow,676,,LU
Point (518246.82375495106680319 187294.24015607894398272),940GZZLUPRD,Preston Road,677,,LU
Point (524511.36459185730200261 175902.31621521036140621),940GZZLUPYB,Putney Bridge,678,,LU
Point (518810.04376230720663443 189766.20863632299005985),940GZZLUQBY,Queensbury,679,,LU
Point (524562.39252091944217682 183208.12105611391598359),940GZZLUQPS,Queen's Park,680,,LU
Point (525894.61791574268136173 180626.9654311474878341),940GZZLUQWY,Queensway,681,,LU
Point (522568.43330398533726111 178722.68980508419917896),940GZZLURVP,Ravenscourt Park,682,,LU
Point (512963.03936027630697936 187520.26149987400276586),940GZZLURYL,Rayners Lane,683,,LU
Point (541832.39874943543691188 188376.37977044889703393),940GZZLURBG,Redbridge,684,,LU
Point (528684.39236028864979744 182137.46990137186367065),940GZZLURGP,Regent's Park,685,,LU
Point (518109.02748812059871852 175191.89108175708679482),940GZZLURMD,Richmond,686,,LU
Point (525818.35655549436341971 181577.81217388698132709),940GZZLURYO,Royal Oak,690,,LU
Point (509483.53203894477337599 187019.44871425622841343),940GZZLURSP,Ruislip,691,,LU
Point (510273.83610142522957176 185853.68684921361273155),940GZZLURSG,Ruislip Gardens,692,,LU
Point (510119.17926822265144438 187248.45559804118238389),940GZZLURSM,Ruislip Manor,693,,LU
Point (530231.92829148145392537 182143.31765334063675255),940GZZLURSQ,Russell Square,694,,LU
Point (529651.29843557602725923 179509.82816189812729135),940GZZLUSJP,St. James's Park,695,,LU
Point (526741.48161038756370544 183355.3115267613902688),940GZZLUSJW,St. John's Wood,696,,LU
Point (532109.35513397888280451 181277.05900208314415067),940GZZLUSPU,St. Paul's,697,,LU
Point (533642.76644676923751831 188959.20912914490327239),940GZZLUSVS,Seven Sisters,698,,LU
Point (523775.86510797712253407 179901.70342339732451364),940GZZLUSBC,Shepherd's Bush,700,,LU
Point (528075.96928508440032601 178661.66263476066524163),940GZZLUSSQ,Sloane Square,702,,LU
Point (540163.18109525321051478 188815.95503482001367956),940GZZLUSNB,Snaresbrook,703,,LU
Point (517601.10805031744530424 179374.4897051727748476),940GZZLUSEA,South Ealing,704,,LU
Point (524720.18311715545132756 173368.32434655242832378),940GZZLUSFS,Southfields,705,,LU
Point (529670.74668878584634513 194278.89942471875110641),940GZZLUSGT,Southgate,706,,LU
Point (514310.9397392405080609 186379.3148382524959743),940GZZLUSHH,South Harrow,707,,LU
Point (526934.65450957440771163 178820.94914790679467842),940GZZLUSKS,South Kensington,708,,LU
Point (517332.955155567266047 187070.50214652688009664),940GZZLUSKT,South Kenton,709,,LU
Point (511066.54589342838153243 185458.62961099826497957),940GZZLUSRP,South Ruislip,710,,LU
Point (525815.32306992413941771 170035.3166882160003297),940GZZLUSWN,South Wimbledon,711,,LU
Point (540535.80868814536370337 190072.85096160613466054),940GZZLUSWF,South Woodford,712,,LU
Point (521869.5122097153798677 178797.29720175417605788),940GZZLUSFB,Stamford Brook,713,,LU
Point (517579.15732025209581479 192543.63886061316588894),940GZZLUSTM,Stanmore,714,,LU
Point (535610.58877841080538929 182124.86554428451927379),940GZZLUSGN,Stepney Green,715,,LU
Point (530495.34752315829973668 176478.94838269025785848),940GZZLUSKW,Stockwell,716,,LU
Point (519668.15917767467908561 184190.66202058381168172),940GZZLUSGP,Stonebridge Park,717,,LU
Point (530057.82506413292139769 180379.62446650362107903),940GZZLUCHX,Charing Cross,718,,LU
Point (538522.68382255057804286 184404.55428453849162906),940GZZLUSTD,Stratford,719,,LU
Point (515406.56109814206138253 185550.30165330861927941),940GZZLUSUH,Sudbury Hill,720,,LU
Point (516869.58157294988632202 184900.59983873035525903),940GZZLUSUT,Sudbury Town,721,,LU
Point (526675.49915704783052206 184300.02951278997352347),940GZZLUSWC,Swiss Cottage,723,,LU
Point (530991.71841958223376423 180818.26335675863083452),940GZZLUTMP,Temple,724,,LU
Point (528017.6984784547239542 172345.54733171872794628),940GZZLUTBC,Tooting Bec,726,,LU
Point (527446.33850481931585819 171457.4332500520395115),940GZZLUTBY,Tooting Broadway,727,,LU
Point (529812.46304099261760712 181389.51173533505061641),940GZZLUTCR,Tottenham Court Road,728,,LU
Point (534502.09754425287246704 189519.42275979876285419),940GZZLUTMH,Tottenham Hale,729,,LU
Point (526123.12790165073238313 193970.21794293163111433),940GZZLUTAW,Totteridge & Whetstone,730,,LU
Point (533493.32678011863026768 180744.06876177270896733),940GZZLUTWH,Tower Hill,731,,LU
Point (529149.56036801438312978 185861.45906291023129597),940GZZLUTFP,Tufnell Park,733,,LU
Point (521265.38719708251301199 178805.69757689331891015),940GZZLUTNG,Turnham Green,734,,LU
Point (531519.57545723137445748 189654.58827258186647668),940GZZLUTPN,Turnpike Lane,735,,LU
Point (556276.55847731966059655 186870.10957520897500217),940GZZLUUPM,Upminster,736,,LU
Point (555008.38433242309838533 186755.60544562450377271),940GZZLUUPB,Upminster Bridge,737,,LU
Point (545717.48705190629698336 184246.83929832209832966),940GZZLUUPY,Upney,738,,LU
Point (541197.72423852165229619 183780.52597361756488681),940GZZLUUPK,Upton Park,739,,LU
Point (505606.20302126457681879 184162.70626346371136606),940GZZLUUXB,Uxbridge,740,,LU
Point (528987.6719142550136894 179130.92121818364830688),940GZZLUVIC,Victoria,741,,LU
Point (537270.59874432883225381 189089.55488120875088498),940GZZLUWWL,Walthamstow Central,742,,LU
Point (540671.21470970078371465 188266.46837178274290636),940GZZLUWSD,Wanstead,743,,LU
Point (529263.68795483314897865 182286.40732396498788148),940GZZLUWRR,Warren Street,745,,LU
Point (526082.72564333165064454 182055.89182103314669803),940GZZLUWKA,Warwick Avenue,746,,LU
Point (530972.55832913261838257 179927.04776422778377309),940GZZLUWLO,Waterloo,747,,LU
Point (538780.14593437081202865 183989.23086578457150608),940GZZDLSHS,Stratford High Street,749,,Add DLR
Point (539064.55061856016982347 183406.64629893517121673),940GZZDLABR,Abbey Road,750,,Add DLR
Point (518249.26434088358655572 184993.4420196040882729),940GZZLUWYC,Wembley Central,751,,LU
Point (519315.24335791752673686 186395.10255515010794625),940GZZLUWYP,Wembley Park,752,,LU
Point (519395.197870142175816 181326.41371882805833593),940GZZLUWTA,West Acton,753,,LU
Point (524875.26607676292769611 181764.39251588645856827),940GZZLUWSP,Westbourne Park,754,,LU
Point (525385.95204384450335056 178002.84379373310366645),940GZZLUWBN,West Brompton,755,,LU
Point (525547.55125205754302442 191632.87327901186654344),940GZZLUWFN,West Finchley,756,,LU
Point (539137.21866337698884308 182957.54059829813195392),940GZZLUWHM,West Ham,757,,LU
Point (525546.9025160790188238 184663.72974340990185738),940GZZLUWHP,West Hampstead,758,,LU
Point (514166.26026506425114349 188014.79586211172863841),940GZZLUWHW,West Harrow,759,,LU
Point (524647.54029659391380847 178392.68501318601192906),940GZZLUWKN,West Kensington,760,,LU
Point (530173.74213595350738615 179663.99917309958254918),940GZZLUWSM,Westminster,761,,LU
Point (508376.54645081853959709 186801.992584838939365),940GZZLUWRP,West Ruislip,762,,LU
Point (534626.76590774196665734 181863.38559563044691458),940GZZLUWPL,Whitechapel,763,,LU
Point (523312.13196771405637264 180738.50548743887338787),940GZZLUWCY,White City,764,,LU
Point (523387.04220070777228102 184885.90888868551701307),940GZZLUWIG,Willesden Green,765,,LU
Point (521954.20057475345674902 182950.75005655665881932),940GZZLUWJN,Willesden Junction,766,,LU
Point (524822.85597716714255512 170712.72136004484491423),940GZZLUWIM,Wimbledon,767,,LU
Point (525241.964611153351143 172149.78948815766489133),940GZZLUWIP,Wimbledon Park,768,,LU
Point (540938.29012342949863523 191722.52259142330149189),940GZZLUWOF,Woodford,769,,LU
Point (531020.6861264833714813 190428.46819543559104204),940GZZLUWOG,Wood Green,770,,LU
Point (525710.27035455405712128 192561.01532040652818978),940GZZLUWOP,Woodside Park,771,,LU
Point (527038.89809546689502895 181766.19649359985487536),940GZZLUERB,Edgware Road,774,,LU
Point (523190.45754384802421555 180037.30433831969276071),940GZZLUSBM,Shepherd's Bush Market,775,,LU
Point (529722.07016103737987578 178318.63873604207765311),940GZZLUPCO,Pimlico,776,,LU
Point (530418.75829923339188099 177900.37495596567168832),940GZZLUVXL,Vauxhall,777,,LU
Point (531052.6313612493686378 175427.97293786006048322),940GZZLUBXN,Brixton,778,,LU
Point (509631.17824852647027001 175379.36053074931260198),940GZZLUHNX,Hatton Cross,779,,LU
Point (507402.94770297192735597 175975.38232264522230253),940GZZLUHRC,Heathrow Terminals 2 & 3,780,,LU
Point (508100.03603560931514949 174449.72930636227829382),940GZZLUHR4,Heathrow Terminal 4,781,,LU
Point (504964.96024198428494856 175929.29767576971789822),940GZZLUHR5,Heathrow Terminal 5,783,,LU
Point (531608.62144766259007156 180057.31195929879322648),940GZZLUSWK,Southwark,784,,LU
Point (534501.15699149621650577 179426.37256618810351938),940GZZLUBMY,Bermondsey,787,,LU
Point (535502.47933369956444949 179483.04202533513307571),940GZZLUCWR,Canada Water,788,,LU
Point (539187.5089486981742084 179815.58180348970927298),940GZZLUNGW,North Greenwich,789,,LU
Point (537978.61926097562536597 180964.69871358253294602),940GZZDLALL,All Saints,850,,Add DLR
Point (537383.47820409492123872 182841.83142655953997746),940GZZDLBOW,Bow Church,851,,Add DLR
Point (537615.76842499210033566 180156.37603140529245138),940GZZLUCYF,Canary Wharf,852,,LU
Point (537892.99310191883705556 181454.68340968998381868),940GZZDLLDP,Langdon Park,853,,Add DLR
Point (537926.5920587187865749 179307.46553148026578128),940GZZDLCLA,Crossharbour,854,,Add DLR
Point (537420.54144615097902715 180120.04312711756210774),940GZZDLHEQ,Heron Quays,855,,Add DLR
Point (538240.27443122887052596 178434.60392582532949746),940GZZDLISL,Island Gardens,856,,Add DLR
Point (537905.37557613244280219 178846.33116757817333564),940GZZDLMUD,Mudchute,857,,Add DLR
Point (537681.51413918484468013 180636.56170084525365382),940GZZDLPOP,Poplar,858,,Add DLR
Point (537877.98094489728100598 183535.72510356915881857),940GZZDLPUD,Pudding Mill Lane,859,,Add DLR
Point (534982.95439251326024532 180999.30003245209809393),940GZZDLSHA,Shadwell,860,,Add DLR
Point (537794.25744711351580918 179768.34176258585648611),940GZZDLSOQ,South Quay,861,,Add DLR
Point (536126.86605475447140634 181099.05481511011021212),940GZZDLLIM,Limehouse,862,,Add DLR
Point (533722.4654286508448422 180840.59519436507252976),940GZZDLTWG,Tower Gateway,864,,Add DLR
Point (537034.26913879276253283 180798.42906435223994777),940GZZDLWFE,Westferry,865,,Add DLR
Point (537481.28039224003441632 180527.02627403812948614),940GZZDLWIQ,West India Quay,866,,Add DLR
Point (537635.81577047635801136 182263.92477764136856422),940GZZDLDEV,Devons Road,867,,Add DLR
Point (538229.29125138022936881 177747.17765089950989932),940GZZDLCUT,Cutty Sark,879,,Add DLR
Point (538392.58875471539795399 180667.59470361261628568),940GZZDLBLA,Blackwall,882,,Add DLR
Point (538732.89829706796444952 180837.18696891103172675),940GZZDLEIN,East India,883,,Add DLR
Point (539442.40676313173025846 181374.52933312067762017),940GZZLUCGT,Canning Town,884,,LU
Point (540134.45808790763840079 180851.47240259044338018),940GZZDLRVC,Royal Victoria,886,,Add DLR
Point (540718.48060041607823223 180926.7736232802271843),940GZZDLCUS,Custom House,887,,Add DLR
Point (541222.39029824070166796 180917.00517625827342272),940GZZDLPRE,Prince Regent,888,,Add DLR
Point (539145.3089322168380022 182091.91403678862843663),940GZZDLSTL,Star Lane,889,,Add DLR
Point (542061.0330524193122983 180813.21668502269312739),940GZZDLRAL,Royal Albert,890,,Add DLR
Point (542706.43673003208823502 180873.80132614937610924),940GZZDLBPK,Beckton Park,891,,Add DLR
Point (543331.55493408860638738 180858.74438819556962699),940GZZDLCYP,Cyprus,893,,Add DLR
Point (543871.12524872028734535 180933.18663073738571256),940GZZDLGAL,Gallions Reach,894,,Add DLR
Point (543110.7272231214446947 181503.11266999325016513),940GZZDLBEC,Beckton,895,,Add DLR
Point (537441.7250212182989344 176876.61211497633485124),940GZZDLDEP,Deptford Bridge,897,,Add DLR
Point (537846.24017268314491957 176329.56171392858959734),940GZZDLELV,Elverson Road,898,,Add DLR
Point (537909.49640195129904896 177326.84740764240268618),940GZZDLGRE,Greenwich,928,,Add DLR
Point (538128.6903099506162107 175849.63322915299795568),940GZZDLLEW,Lewisham,940,,Add DLR
Point (533561.66645358363166451 183986.18885432038223371),910GHAGGERS,Haggerston,1022,,Add OG
Point (533577.43441825243644416 183156.54923032247461379),910GHOXTON,Hoxton,1023,,Add OG
Point (533570.42655585298780352 182245.99150732567068189),910GSHRDHST,Shoreditch High Street,1024,,Add OG
Point (535297.67499102966394275 179814.6610592381330207),910GRTHERHI,Rotherhithe,1039,,Add OG
Point (535632.9034499836852774 178961.61718699475750327),910GSURREYQ,Surrey Quays,1083,,Add OG
Point (535025.73639929504133761 180173.87019688845612109),910GWAPPING,Wapping,1085,,Add OG
Point (513062.85153941268799827 191336.05143490381306037),910GHTCHEND,Hatch End,1398,,Add OG
Point (520653.27487069880589843 180300.52070234401617199),910GACTNCTL,Acton Central,1404,,Add OG
Point (528201.68330257153138518 185711.61282289167866111),910GGOSPLOK,Gospel Oak,1409,,Add OG
Point (527289.08137792209163308 185640.63242034235736355),910GHMPSTDH,Hampstead Heath,1413,,Add OG
Point (525523.97828654455952346 183640.49693366384599358),910GKLBRNHR,Kilburn High Road,1415,,Add OG
Point (533514.81270133901853114 185013.55383607401745394),910GDALSKLD,Dalston Kingsland,1429,,Add OG
Point (513910.07670250860974193 190571.02637502906145528),910GHEDSTNL,Headstone Lane,1434,,Add OG
Point (524752.66649633459746838 184451.2256873338483274),910GBRBY,Brondesbury,1437,,Add OG
Point (524222.18348582228645682 183945.6809851651196368),910GBRBYPK,Brondesbury Park,1438,,Add OG
Point (530812.55114746699109674 184435.12802528840256855),910GCLDNNRB,Caledonian Road & Barnsbury,1439,,Add OG
Point (529120.09934273292310536 184207.31135897012427449),910GCMDNRD,Camden Road,1440,,Add OG
Point (532344.42850080353673548 185039.33605979051208124),910GCNNB,Canonbury,1441,,Add OG
Point (533584.26291214360389858 184788.66359630256192759),910GDALS,Dalston Junction,1443,,Add OG
Point (526012.9340154001256451 185023.93607982725370675),910GFNCHLYR,Finchley Road & Frognal,1445,,Add OG
Point (523540.37672780954744667 183229.36326268379343674),910GKENR,Kensal Rise,1448,,Add OG
Point (528600.42701432749163359 184764.54002759628929198),910GKNTSHTW,Kentish Town West,1449,,Add OG
Point (526392.48565735807642341 184071.04385213844943792),910GSHMPSTD,South Hampstead,1451,,Add OG
Point (520173.21860406565247104 179272.62936189613537863),910GSACTON,South Acton,1452,,Add OG
Point (513827.0230728448368609 185570.45803160243667662),NLT,Northolt Park,1478,,Other NR
Point (516885.14423888298915699 185289.5016159190563485),SUD,Sudbury & Harrow Road,1483,,Other NR
Point (515464.7932860798900947 185709.82308462745277211),SDH,Sudbury Hill Harrow,1484,,Other NR
Point (518955.10290891124168411 185339.82767555094324052),WCX,Wembley Stadium,1509,,Other NR
Point (523999.87960418546572328 185910.12687010626541451),CRI,Cricklewood,1519,,Other NR
Point (522139.74742625217186287 188269.51102875848300755),HEN,Hendon,1522,,Other NR
Point (529750.39712354459334165 186635.3944713591481559),910GUPRHLWY,Upper Holloway,1524,,Add OG
Point (521320.12193582183681428 191925.01581184123642743),MIL,Mill Hill Broadway,1527,,Other NR
Point (520331.200474031153135 181227.35964344296371564),910GACTONML,Acton Main Line,3000,,Other NR
Point (515850.20810107601573691 181765.45780077198287472),CBP,Castle Bar Park,3098,,Other NR
Point (515959.89892910385970026 181064.78461548307677731),DRG,Drayton Green,3099,,Other NR
Point (515464.89382979430956766 182960.53815533791203052),SGN,South Greenford,3138,,Other NR
Point (506142.92204246087931097 180099.61593995953444391),910GWDRYTON,West Drayton,3174,,Other NR
Point (509786.76080837694462389 179415.6776104504824616),910GHAYESAH,Hayes & Harlington,3186,HAY,Other NR
Point (512706.89604339323705062 179837.84752086643129587),910GSTHALL,Southall,3187,STL,Other NR
Point (516641.19069056503940374 180741.37142780621070415),910GWEALING,West Ealing,3188,WEA,Other NR
Point (515387.99429441679967567 180523.11834936070954427),910GHANWELL,Hanwell,3191,HAN,Other NR
Point (537365.00508674304001033 173599.57746851426782086),CFB,Catford Bridge,5047,,Other NR
Point (536369.74130934884306043 169550.13048597337910905),CLK,Clock House,5048,,Other NR
Point (540030.10922513483092189 166060.51392256928374991),HYS,Hayes,5050,,Other NR
Point (536830.32386743067763746 171369.62656775140203536),LSY,Lower Sydenham,5053,,Other NR
Point (538276.07077921612653881 166564.65157137659844011),WWI,West Wickham,5054,,Other NR
Point (537420.30573328433092684 167519.67830377642530948),EDN,Eden Park,5056,,Other NR
Point (537729.9401874445611611 174890.26449158741161227),LAD,Ladywell,5057,,Other NR
Point (536720.1886013993062079 170469.76817365695023909),NBC,New Beckenham,5058,,Other NR
Point (537434.83018893946427852 176344.50739221536787227),SAJ,St. John's,5059,,Other NR
Point (537779.95343433564994484 172295.45935441617621109),BGM,Bellingham,5062,,Other NR
Point (542369.78736723866313696 168770.41935683652991429),BKL,Bickley,5063,,Other NR
Point (540430.28483723662793636 168702.19191499351290986),BMS,Bromley South,5064,,Other NR
Point (531954.95094927470199764 174410.16952054155990481),HNH,Herne Hill,5066,,Other NR
Point (535390.13121976132970303 176004.82541376212611794),NHD,Nunhead,5068,,Other NR
Point (528444.83233576256316155 169249.81062531151110306),MTC,Mitcham Eastfields,5069,,Other NR
Point (535394.98975248483475298 170720.3858991825254634),PNE,Penge East,5072,,Other NR
Point (546640.20597884443122894 168294.89255317789502442),SMY,St. Mary Cray,5073,,Other NR
Point (538039.97167245100717992 171375.53669135639211163),BEC,Beckenham Hill,5076,,Other NR
Point (537259.67708251089788973 173560.01572148140985519),CTF,Catford,5077,,Other NR
Point (536520.14224144606851041 174739.72473102569347247),CFT,Crofton Park,5078,,Other NR
Point (536039.76957486872561276 169945.25492577417753637),KTH,Kent House,5080,,Other NR
Point (531925.15561942511703819 175854.85471647413214669),LGJ,Loughborough Junction,5082,,Other NR
Point (538654.68358725984580815 170234.90871899173362181),RVB,Ravensbourne,5083,,Other NR
Point (539330.31764459307305515 169319.68243361200438812),SRT,Shortlands,5084,,Other NR
Point (533539.9539529790636152 172160.32226095418445766),SYH,Sydenham Hill,5085,,Other NR
Point (532750.11179217824246734 173029.88380162039538845),WDU,West Dulwich,5086,,Other NR
Point (550114.9239331956487149 176209.75854546116897836),BNH,Barnehurst,5089,,Other NR
Point (549514.9288320328341797 179214.7975194365135394),BVD,Belvedere,5092,,Other NR
Point (549380.20884820609353483 173434.78173475549556315),BXY,Bexley,5093,,Other NR
Point (548320.05632450780831277 175994.64490542514249682),BXH,Bexleyheath,5094,,Other NR
Point (539639.72629975969903171 176005.03100480820285156),BKH,Blackheath,5095,,Other NR
Point (540379.68785755836870521 169629.99961432523559779),BMN,Bromley North,5096,,Other NR
Point (546949.77251567202620208 164020.34564741118811071),CLD,Chelsfield,5098,,Other NR
Point (543199.95487204706296325 169400.15556557948002592),CIT,Chislehurst,5099,,Other NR
Point (551509.91633190819993615 174394.71557408227818087),CRY,Crayford,5100,,Other NR
Point (542700.32508146483451128 174960.38538326660636812),ELW,Eltham,5103,,Other NR
Point (551130.02543340169358999 178099.52718804922187701),ERH,Erith,5104,,Other NR
Point (539000.16724772332236171 174455.17933931085281074),HGR,Hither Green,5107,,Other NR
Point (540945.01877805218100548 175631.49009453813778237),KDB,Kidbrooke,5108,,Other NR
Point (548499.95060509338509291 162899.97912797058233991),KCK,Knockholt,5109,,Other NR
Point (540009.65773115039337426 174230.22652160137658939),LEE,Lee,5110,,Other NR
Point (542580.23663863982073963 173239.89891752874245867),MTG,Mottingham,5118,,Other NR
Point (544010.2683680591871962 173039.7501690648496151),NEH,New Eltham,5119,,Other NR
Point (531689.96581139287445694 181149.90763854584656656),CTK,City Thameslink,5121,,Other NR
Point (545504.74875105009414256 165875.29526243475265801),ORP,Orpington,5122,,Other NR
Point (544439.74513108108658344 167549.94289310439489782),PET,Petts Wood,5123,,Other NR
Point (546335.12917214876506478 172639.70741472253575921),SID,Sidcup,5125,,Other NR
Point (546089.76875545410439372 176074.81057381653226912),WLI,Welling,5128,,Other NR
Point (547303.40065237111411989 179042.66476062423316762),910GABWD,Abbey Wood,5131,,Other NR
Point (547854.90098514372948557 172860.53693294065305963),AYP,Albany Park,5132,,Other NR
Point (542250.24353473237715662 170660.01544700539670885),ESD,Elmstead Woods,5135,,Other NR
Point (544553.14108430105261505 175403.2740156480576843),FCN,Falconwood,5137,,Other NR
Point (540640.15628649620339274 172145.47398657235316932),GRP,Grove Park,5139,,Other NR
Point (541129.98308939253911376 178385.32444150280207396),CTN,Charlton,5144,,Other NR
Point (537159.919313526712358 177389.79789949004771188),DEP,Deptford,5145,,Other NR
Point (539175.26120728754904121 177865.18173843499971554),MZH,Maze Hill,5149,,Other NR
Point (536743.42192441900260746 177138.34348334680544212),910GNWCRELL,New Cross,5150,NWX,Add OG
Point (542740.34638544672634453 178909.91173267154954374),WWD,Woolwich Dockyard,5153,,Other NR
Point (552248.20992598286829889 176588.10039285116363317),SGR,Slade Green,5154,,Other NR
Point (540673.13046106428373605 170244.57199436466908082),SUP,Sundridge Park,5155,,Other NR
Point (544799.98849391343537718 178820.13782378978794441),PLU,Plumstead,5208,,Other NR
Point (526019.77682543743867427 171159.88159550743876025),HYR,Haydons Road,5289,,Other NR
Point (525425.2314176430227235 167189.6544308980810456),SIH,St. Helier,5290,,Other NR
Point (525360.23505416791886091 167880.13988005882129073),MDS,Morden South,5291,,Other NR
Point (524944.9866146114654839 168635.47270452626980841),SMO,South Merton,5292,,Other NR
Point (525044.71522751823067665 164505.46793632564367726),WSU,West Sutton,5293,,Other NR
Point (529827.43587271659635007 175719.44153133302461356),910GCLPHHS,Clapham High Street,5301,,Add OG
Point (536196.62361669423989952 176990.33037176472134888),910GNEWXGTE,New Cross Gate,5345,,Add OG
Point (525544.84090206818655133 162065.41907178546534851),BLM,Belmont,5350,,Other NR
Point (524447.0355962214525789 163335.93448379432084039),CHE,Cheam,5352,,Other NR
Point (534147.08902997430413961 170538.84341877128463238),910GCRYSTLP,Crystal Palace,5356,,Add OG
Point (533440.09234394528903067 175360.22228178894147277),EDW,East Dulwich,5358,,Other NR
Point (535429.38018179638311267 173001.91496482520597056),910GFORESTH,Forest Hill,5362,,Add OG
Point (533320.70488755707629025 171235.44787588895997033),GIP,Gipsy Hill,5363,,Other NR
Point (528579.9559732114430517 165929.57722740847384557),HCB,Hackbridge,5364,,Other NR
Point (529413.6418051136424765 176173.4915114778559655),910GWNDSWRD,Wandsworth Road,5372,,Add OG
Point (534039.56180463393684477 168222.42071640305221081),910GNORWDJ,Norwood Junction,5376,,Add OG
Point (534952.79189588385634124 170508.09594697621650994),910GPENEW,Penge West,5378,,Add OG
Point (531469.76182522426825017 161520.01942595670698211),PUR,Purley,5379,,Other NR
Point (530090.72116572118829936 159755.61076494751614518),CDN,Coulsdon Town,5382,,Other NR
Point (530000.09043070138432086 171299.89646979753160849),STE,Streatham,5383,,Other NR
Point (529710.0709456040058285 170504.70394580968422815),SRC,Streatham Common,5384,,Other NR
Point (526033.82639893842861056 163825.45406038803048432),SUO,Sutton,5385,,Other NR
Point (532249.75088873854838312 168350.03648244997020811),TTH,Thornton Heath,5388,,Other NR
Point (527949.9531211550347507 170584.85202300531091169),TOO,Tooting,5389,,Other NR
Point (531799.8102434475440532 172909.51349744625622407),TUH,Tulse Hill,5390,,Other NR
Point (531154.78463777154684067 164830.04870186618063599),WDO,Waddon,5392,,Other NR
Point (528843.31912437244318426 163991.21946114755701274),WLT,Wallington,5394,,Other NR
Point (527729.8150401443708688 173510.18942321470240131),WSW,Wandsworth Common,5395,,Other NR
Point (534609.2105853131506592 169918.87491900601889938),910GANERLEY,Anerley,5397,,Add OG
Point (536423.11111181369051337 175795.18517949356464669),910GBROCKLY,Brockley,5404,,Add OG
Point (527739.02364546258468181 164861.42972646793350577),CSH,Carshalton,5405,,Other NR
Point (527530.94706958218012005 163626.71318365557817742),CSB,Carshalton Beeches,5406,,Other NR
Point (529869.92882414569612592 159060.12940574862295762),CDS,Coulsdon South,5408,,Other NR
Point (532829.79246993223205209 164380.39245416381163523),SCY,South Croydon,5410,,Other NR
Point (532168.36924576701130718 166089.51383450487628579),910GWCROYDN,West Croydon,5411,WCY,Add OG
Point (535918.32432131911627948 174154.23475203715497628),910GHONROPK,Honor Oak Park,5418,,Add OG
Point (532419.74147865921258926 160120.2483550600882154),KLY,Kenley,5419,,Other NR
Point (528746.68764881929382682 177086.4718030613148585),910GBATRSPK,Battersea Park,5420,,Other NR with ltd OG
Point (532833.22769863251596689 176092.19976507010869682),910GDENMRKH,Denmark Hill,5421,,Add OG
Point (534122.61675267177633941 176269.430615900142584),910GPCKHMRY,Peckham Rye,5423,,Add OG
Point (535039.26651704695541412 176806.86293504608329386),910GPCKHMQD,Queens Road Peckham,5424,,Add OG
Point (535159.7751848769839853 178370.03757461236091331),SBM,South Bermondsey,5425,,Other NR
Point (530709.78348975104745477 169720.17160452879033983),NRB,Norbury,5428,,Other NR
Point (532949.83385827788151801 174569.57856365130282938),NDL,North Dulwich,5429,,Other NR
Point (532499.77707909245509654 162600.35818370006745681),PUO,Purley Oaks,5430,,Other NR
Point (530834.80615246831439435 160784.92322273325407878),RHM,Reedham,5431,,Other NR
Point (532504.82258895016275346 160980.36085165329859592),RDD,Riddlesdown,5432,,Other NR
Point (532856.94212565536145121 162746.49503296299371868),SNR,Sanderstead,5433,,Other NR
Point (533105.01794913411140442 167610.04879337613238022),SRS,Selhurst,5434,,Other NR
Point (530270.04939861688762903 172685.45479368243832141),SRH,Streatham Hill,5435,,Other NR
Point (525634.66511854762211442 165524.68382280878722668),SUC,Sutton Common,5436,,Other NR
Point (535360.30384560057427734 171609.40760405303444713),910GSYDENHM,Sydenham,5437,,Add OG
Point (531910.02573787909932435 172009.93329770246054977),WNW,West Norwood,5438,,Other NR
Point (528720.29203836619853973 159384.91668119363021106),WME,Woodmansterne,5441,,Other NR
Point (522199.79941062571015209 175699.97950741089880466),BNS,Barnes,5551,,Other NR
Point (517460.35092260153032839 177864.83589520835084841),BFD,Brentford,5552,,Other NR
Point (517891.23989151726709679 163325.87460587488021702),910GCHSSS,Chessington South,5554,CSS,Other NR
Point (510600.3138735409011133 173299.73539670760510489),FEL,Feltham,5559,,Other NR
Point (513296.76466516108484939 169806.52320780156878754),910GHAMPTON,Hampton,5560,HMP,Other NR
Point (513870.14939434989355505 174934.96265941666206345),HOU,Hounslow,5563,,Other NR
Point (518194.96200119087006897 169579.45627220964524895),910GKGSTON,Kingston,5565,KNG,Other NR
Point (521421.54913714982103556 168661.66290381894214079),910GNEWMLDN,New Malden,5567,NEM,Other NR
Point (519427.65760216198395938 169543.59536347910761833),910GNRBITON,Norbiton,5568,NBT,Other NR
Point (523162.8122888799989596 169264.18154382880311459),910GRAYNSPK,Raynes Park,5569,RAY,Other NR
Point (518097.38326159492135048 167301.90329092222964391),910GSURBITN,Surbiton,5571,SUR,Other NR
Point (516028.00454186496790498 170819.20200585358543321),910GTEDNGTN,Teddington,5572,TED,Other NR
Point (519845.88123650045599788 165613.64356202929047868),910GTOLWTH,Tolworth,5573,TOL,Other NR
Point (516114.88040534139145166 173660.54418437951244414),TWI,Twickenham,5574,,Other NR
Point (525969.81585978937800974 175119.81810243590734899),WNT,Wandsworth Town,5576,,Other NR
Point (522232.75180560088483617 166172.0192716580349952),910GWRCSTRP,Worcester Park,5579,WCP,Other NR
Point (521460.23105730512179434 176229.70473942038370296),BNI,Barnes Bridge,5580,,Other NR
Point (519683.80656213458860293 168070.96376630087615922),910GBRLANDS,Berrylands,5581,BRS,Other NR
Point (518401.01519337459467351 164142.45018034335225821),910GCHSSN,Chessington North,5582,CSN,Other NR
Point (520379.89398987649474293 177219.88356295845005661),CHK,Chiswick,5583,,Other NR
Point (526049.78196436120197177 173039.95228959567612037),EAD,Earlsfield,5584,,Other NR
Point (514815.21945938270073384 171825.34310477878898382),910GFULWELL,Fulwell,5587,FLW,Other NR
Point (517459.11012866033706814 169749.37508881621761248),910GHAMWICK,Hampton Wick,5589,HMW,Other NR
Point (515600.09129432693589479 176400.30652545212069526),ISL,Isleworth,5592,,Other NR
Point (519020.07534462091280147 178120.28150427114451304),KWB,Kew Bridge,5593,,Other NR
Point (527080.58093913248740137 175571.39640840439824387),910GCLPHMJ1,Clapham Junction,5595,,Add OG
Point (528809.94488891342189163 176739.79155962454387918),QRB,Queenstown Road (Battersea),5596,,Other NR
Point (521090.73775551829021424 166515.82601116219302639),910GMALDENM,Malden Manor,5599,MAL,Other NR
Point (520464.92936336423736066 175769.8911041421815753),MTL,Mortlake,5600,,Other NR
Point (519029.96969500021077693 175410.13139101688284427),NSH,North Sheen,5601,,Other NR
Point (523999.77990596322342753 175100.38384742639027536),PUT,Putney,5603,,Other NR
Point (516810.34098962065763772 174255.00393941585207358),SMG,St. Margaret's,5604,,Other NR
Point (515520.22413547144969925 172415.37468655593693256),STW,Strawberry Hill,5607,,Other NR
Point (516419.73827354010427371 177200.04633329214993864),SYL,Syon Lane,5609,,Other NR
Point (514219.76579776220023632 173569.85484570101834834),WTN,Whitton,5611,,Other NR
Point (524310.27185250993352383 169349.87641191994771361),WBO,Wimbledon Chase,5612,,Other NR
Point (522568.39687949861399829 167677.68872247979743406),910GMOTSPRP,Motspur Park,5645,MOT,Other NR
Point (531444.89176313462667167 185465.51259734824998304),DYP,Drayton Park,6000,,Other NR
Point (532119.69500446203164756 184139.92906599724665284),EXR,Essex Road,6004,,Other NR
Point (530969.72911053756251931 200109.54317391553195193),CWH,Crews Hill,6007,,Other NR
Point (532179.66367012006230652 196665.81080565607408062),ENC,Enfield Chase,6010,,Other NR
Point (531399.70739051001146436 188199.51657547173090279),HGY,Harringay,6012,,Other NR
Point (530900.31056591193191707 189200.32440892152953893),HRN,Hornsey,6015,,Other NR
Point (526499.83286860131192952 195999.74841818341519684),NBA,New Barnet,6018,,Other NR
Point (528665.36739946051966399 192221.22918832284631208),910GNEWSGAT,New Southgate,6019,NSG,Other NR
Point (526999.96501496864948422 194800.50926967087434605),OKL,Oakleigh Park,6020,,Other NR
Point (530914.72282472893130034 192744.86206323251826689),PAL,Palmers Green,6021,,Other NR
Point (531529.9466173485852778 194500.08316479041241109),WIH,Winchmore Hill,6024,,Other NR
Point (530295.33683677017688751 190459.95738190173869953),AAP,Alexandra Palace,6025,,Other NR
Point (530245.10164275509305298 191470.1658791329828091),BOP,Bowes Park,6027,,Other NR
Point (531879.95472345477901399 197779.67519638873636723),GDH,Gordon Hill,6028,,Other NR
Point (531749.83380553685128689 195469.47491268493467942),GPK,Grange Park,6029,,Other NR
Point (526225.2092656958848238 198209.45870932191610336),HDW,Hadley Wood,6075,,Other NR
Point (536310.41297281824517995 197038.12531266221776605),910GBRIMSDN,Brimsdown,6810,BMD,Other NR
Point (536420.7353184160310775 198745.96185271767899394),910GENFLDLK,Enfield Lock,6815,ENL,Other NR
Point (536077.12986822798848152 195624.11426674033282325),910GPNDRSEN,Ponders End,6819,PON,Other NR
Point (547655.4471730375662446 187605.1622785905492492),910GCHDWLHT,Chadwell Heath,6874,,Other NR
Point (540439.85685739759355783 185353.71205828426172957),910GFRSTGT,Forest Gate,6876,,Other NR
Point (552892.08726945985108614 189282.55221259157406166),910GGIDEAPK,Gidea Park,6877,,Other NR
Point (546411.49892847775481641 187297.80585976090515032),910GGODMAYS,Goodmayes,6878,,Other NR
Point (554774.73372735024895519 190571.3002105001360178),910GHRLDWOD,Harold Wood,6879,,Other NR
Point (543584.86601561622228473 186498.84887726174201816),910GILFORD,Ilford,6881,,Other NR
Point (541932.48390335356816649 185717.8184963904786855),910GMANRPK,Manor Park,6883,,Other NR
Point (551399.19899989850819111 188491.45273989002453163),910GROMFORD,Romford,6886,,Other NR with ltd OG
Point (545453.71643174858763814 187088.09341638535261154),910GSVNKNGS,Seven Kings,6893,,Other NR
Point (535178.9464792306534946 192234.87900776776950806),910GANGELRD,Angel Road,6909,AGR,Other NR
Point (533712.18633245432283729 195371.37992077565286309),910GBHILLPK,Bush Hill Park,6913,,Add OG
Point (539210.38000768958590925 194631.26883051445474848),910GCHINGFD,Chingford,6914,,Add OG
Point (538573.21327978768385947 191909.08401254744967446),910GHGHMSPK,Highams Park,6919,,Add OG
Point (534791.64812113589141518 186548.48917634860845283),910GCLAPTON,Clapton,6926,,Add OG
Point (536176.06594281690195203 187122.62216060323407874),LEB,Lea Bridge,6927,,Other NR
Point (533680.85910132760182023 186897.57262671459466219),910GSTKNWNG,Stoke Newington,6934,,Add OG
Point (534299.15342778607737273 193580.45750543015310541),910GEDMNGRN,Edmonton Green,6941,,Add OG
Point (534831.96262990229297429 196230.27609357988694683),910GSBURY,Southbury,6947,,Add OG
Point (535127.53311416134238243 198909.64698862720979378),910GTURKYST,Turkey Street,6952,,Add OG
Point (538492.24285018665250391 189426.81801057432312518),910GWDST,Wood Street,6954,,Add OG
Point (533687.53522515087388456 191283.87671836878871545),910GWHHRTLA,White Hart Lane,6956,,Add OG
Point (533779.2708661233773455 190087.92024203989421949),910GBRUCGRV,Bruce Grove,6958,,Add OG
Point (532964.4759359851013869 196549.58262150804512203),910GENFLDTN,Enfield Town,6959,,Add OG
Point (534723.04087579273618758 182345.58175898267654702),910GBTHNLGR,Bethnal Green,6961,,Add OG
Point (534825.2521037885453552 183296.89034689276013523),910GCAMHTH,Cambridge Heath,6962,,Add OG
Point (534781.31392331072129309 184266.34356725809630007),910GLONFLDS,London Fields,6966,,Add OG
Point (533995.66221147170290351 186190.83611148543423042),910GRCTRYRD,Rectory Road,6967,,Add OG
Point (533378.51079574518371373 187932.67998661624733359),910GSTMFDHL,Stamford Hill,6968,,Add OG
Point (539209.51306688576005399 184946.90720907377544791),910GMRYLAND,Maryland,6970,,Other NR
Point (534882.09830825042445213 191076.32029704499291256),910GNMBRLPK,Northumberland Park,6971,NUM,Other NR
Point (533916.34038190997671336 192445.09451188798993826),910GSIVRST,Silver Street,6972,,Add OG
Point (536398.84544331324286759 188741.15336595568805933),910GSTJMSST,St. James Street,6973,,Add OG
Point (534801.15584805351682007 184924.04065046791220084),910GHACKNYC,Hackney Central,6977,,Add OG
Point (534529.41724686627276242 185140.4226992551703006),910GHAKNYNM,Hackney Downs,6867,,Add OG
Point (537064.23606311623007059 184578.50481299794046208),910GHACKNYW,Hackney Wick,6978,,Add OG
Point (535828.19521952653303742 184952.2268554883194156),910GHOMRTON,Homerton,6979,,Add OG
Point (531905.60258307482581586 188206.23331616149516776),910GHRGYGL,Harringay Green Lanes,7401,,Add OG
Point (538203.0983424709411338 187516.00386618688935414),910GLEYTNMR,Leyton Midland Road,7402,,Add OG
Point (539258.40254556946456432 186918.11484221403952688),910GLYTNSHR,Leytonstone High Road,7403,,Add OG
Point (533707.20986242115031928 188616.60026849346468225),910GSTOTNHM,South Tottenham,7404,,Add OG
Point (530580.28048865345772356 187508.29589470417704433),910GCROUCHH,Crouch Hill,7406,,Add OG
Point (537028.64908428560011089 188817.44322223722701892),910GWLTHQRD,Walthamstow Queens Road,7407,,Add OG
Point (540586.59527750546112657 185597.07072421628981829),910GWNSTDPK,Wanstead Park,7408,,Add OG
Point (548975.15201412246096879 182979.56004485971061513),DDK,Dagenham Dock,7440,,Other NR
Point (552095.03636923443991691 182030.32052160025341436),RNM,Rainham,7454,,Other NR
Point (541857.18594029266387224 185352.38690098258666694),910GWDGRNPK,Woodgrange Park,7467,,Add OG
Point (553973.79244734230451286 187865.21766372787533328),910GEMRSPKH,Emerson Park,7473,,Add OG
Point (533409.73283250594977289 180939.94709517003502697),FST,Fenchurch Street,7490,,Other NR
Point (534693.13088264153338969 167102.42805234470870346),940GZZCRWOD,Woodside,8779,,Add Trams
Point (534184.33653996395878494 166310.41269497416215017),940GZZCRADD,Addiscombe,9440,,Add Trams
Point (537092.32076834014151245 163747.17013657971983775),940GZZCRADV,Addington Village,9441,,Add Trams
Point (530668.85093522851821035 166488.79341768519952893),940GZZCRAMP,Ampere Way,9442,,Add Trams
Point (535194.74754609412048012 167635.53898497857153416),940GZZCRARA,Arena,9443,,Add Trams
Point (535792.78490115283057094 169369.48885735700605437),940GZZCRAVE,Avenue Road,9444,,Add Trams
Point (537370.26210691640153527 169820.50391602999297902),940GZZCRBEK,Beckenham Junction,9445,,Add Trams
Point (536191.42263567552436143 169668.50482143933186308),940GZZCRBRD,Beckenham Road,9446,,Add Trams
Point (529315.69798588112462312 167243.60269338090438396),940GZZCRBED,Beddington Lane,9449,,Add Trams
Point (526813.26203701295889914 168463.02793063141871244),940GZZCRBGV,Belgrave Walk,9450,,Add Trams
Point (535329.46306552924215794 168990.28402382897911593),940GZZCRBIR,Birkbeck,9454,,Add Trams
Point (534365.20562198793049902 166858.5933237683493644),940GZZCRBLA,Blackhorse Lane,9459,,Add Trams
Point (532061.92162357922643423 165548.94364544411655515),940GZZCRCHR,Church Street,9460,,Add Trams
Point (535160.82360861718188971 164093.53254122060025111),940GZZCRCOO,Coombe Lane,9464,,Add Trams
Point (524733.04696947068441659 170251.16907065291889012),940GZZCRDDR,Dundonald Road,9468,,Add Trams
Point (532845.9704546129796654 165704.75585252291057259),940GZZCRECR,East Croydon,9470,,Add Trams
Point (535770.57152598712127656 168390.11630678584333509),940GZZCRELM,Elmers End,9471,,Add Trams
Point (537684.52900637744460255 163180.25466356368269771),940GZZCRFLD,Fieldway,9472,,Add Trams
Point (532431.14563382812775671 165596.405182427726686),940GZZCRCEN,George Street,9473,,Add Trams
Point (536375.57254889816977084 163541.24516148644033819),940GZZCRGRA,Gravel Hill,9474,,Add Trams
Point (535016.02257504628505558 168527.42561408487381414),940GZZCRHAR,Harrington Road,9475,,Add Trams
Point (537967.05240654619410634 162580.01877588999923319),940GZZCRKGH,King Henry's Drive,9476,,Add Trams
Point (533416.54903110256418586 165757.54302141058724374),940GZZCRLEB,Lebanon Road,9477,,Add Trams
Point (533713.31839013518765569 164543.21328294376144186),940GZZCRLOY,Lloyd Park,9478,,Add Trams
Point (525176.54574733308982104 169844.73941579676466063),940GZZCRMTP,Merton Park,9479,,Add Trams
Point (527324.89708409470040351 168095.21931438299361616),940GZZCRMCH,Mitcham,9480,,Add Trams
Point (528301.37356987479142845 167572.8767271067481488),940GZZCRMJT,Mitcham Junction,9481,,Add Trams
Point (525779.19438804197125137 169316.91358418093295768),940GZZCRMDN,Morden Road,9482,,Add Trams
Point (538188.76813814858905971 162250.87219378724694252),940GZZCRNWA,New Addington,9484,,Add Trams
Point (526545.97849433333612978 168718.49539040523814037),940GZZCRPHI,Phipps Bridge,9485,,Add Trams
Point (531898.73196688946336508 165688.93545904179336503),940GZZCRRVC,Reeves Corner,9486,,Add Trams
Point (533888.5725875950884074 165745.70688750880071893),940GZZCRSAN,Sandilands,9487,,Add Trams
Point (532073.09539203718304634 165803.54683394194580615),940GZZCRCTR,Centrale,9488,,Add Trams
Point (530283.3183355632936582 166850.397473533754237),940GZZCRTPA,Therapia Lane,9491,,Add Trams
Point (531091.9304701064247638 165903.66666793351760134),940GZZCRWAD,Waddon Marsh,9497,,Add Trams
Point (531412.73533607751596719 165520.04541712166974321),940GZZCRWAN,Wandle Park,9498,,Add Trams
Point (532502.36400228284765035 165786.6383331652614288),940GZZCRWEL,Wellesley Road,9499,,Add Trams
Point (526275.93247872672509402 176718.24604229768738151),910GCSEAH,Imperial Wharf,9586,,Add OG
Point (540245.19684846687596291 178070.398103236570023),WCB,Westcombe Park,5151,,Other NR
Point (506579.89136703184340149 171946.86807188286911696),AFS,Ashford (Middlesex),5667,,Not in London
Point (518039.7882821568637155 158999.44741706812055781),AHD,Ashtead,5347,,Not in London
Point (524588.14270871295593679 160432.00532908277818933),BAD,Banstead,5348,,Not in London
Point (559330.24170445208437741 193033.74424508312949911),910GBRTWOOD,Brentwood,6872,BRE,Not in London
Point (541773.98987118538934737 193892.6999481447855942),940GZZLUBKH,Buckhurst Hill,531,,Not in London
Point (511834.99216952361166477 193416.40304628328885883),910GCRPNDPK,Carpenders Park,1442,CPK,Not in London
Point (534119.85891685367096215 155419.84877603902714327),CAT,Caterham,5351,,Not in London
Point (543734.19232671346981078 193044.40699483541538939),940GZZLUCWL,Chigwell,544,,Not in London
Point (527684.68913635821081698 158275.22273032172233798),CHP,Chipstead,5353,,Not in London
Point (554313.74595447035972029 174377.6374728757655248),DFD,Dartford,5101,,Not in London
Point (504214.28388886910397559 187732.53491070430027321),DNM,Denham,3052,,Not in London
Point (502800.29966939717996866 187899.47909191355574876),DGC,Denham Golf Club,3060,,Not in London
Point (551453.91326620324980468 157500.0230596428446006),DNG,Dunton Green,5102,,Not in London
Point (519080.26611822150880471 196320.30060418980428949),ELS,Elstree & Borehamwood,1542,,Not in London
Point (544979.13909916824195534 192556.2352097449474968),940GZZLUGGH,Grange Hill,587,,Not in London
Point (515386.67473334434907883 168303.44331718928879127),910GHCRT,Hampton Court,5561,HMC,Not in London
Point (503741.30292748683132231 179919.92791075888089836),910GIVER,Iver,3170,IVR,Not in London
Point (510688.76428781787399203 170314.43303005211055279),910GKMPTNPK,Kempton Park,5678,KMP,Not in London
Point (529154.87025410064961761 153290.56855889040161856),MHM,Merstham,5475,,Not in London
Point (508609.21880259871250018 193498.25975004251813516),940GZZLUMPK,Moor Park,646,,Not in London
Point (559003.1972082065185532 182828.45321683987276629),OCK,Ockendon,7451,,Not in London
Point (514171.66543060127878562 160973.27467254444491118),OXS,Oxshott,5602,,Not in London
Point (539317.20903913711663336 152862.29698422004003078),OXT,Oxted,5377,,Not in London
Point (525009.71006925939582288 201359.43029502028366551),PBR,Potters Bar,6022,,Not in London
Point (555416.74565224524121732 178156.37723729765275493),PFL,Purfleet,7453,,Not in London
Point (505723.3244710800354369 194595.0477465835865587),940GZZLURKW,Rickmansworth,687,RIC,Not in London
Point (541599.60049609711859375 192904.02427199500380084),940GZZLURVY,Roding Valley,688,,Not in London
Point (522034.57868532789871097 164150.06364786176709458),910GSTLEIGH,Stoneleigh,5606,SNL,Not in London
Point (510146.70209353952668607 170001.19379492767620832),910GSUNBURY,Sunbury,5608,SUU,Not in London
Point (551015.99119531875476241 168271.18492891569621861),SAY,Swanley,5075,,Not in London
Point (515659.07076107343891636 166872.2380648692487739),910GTDITTON,Thames Ditton,5610,THD,Not in London
Point (535869.93729662441182882 201081.82024907588493079),910GTHBLDSG,Theobalds Grove,6949,TEO,Not in London
Point (509225.66149132931604981 169417.32423564570490271),910GUHALIFD,Upper Halliford,5613,UPH,Not in London
Point (534068.17180437478236854 158352.76552050854661502),UWL,Upper Warlingham,5391,,Not in London
Point (536527.66865576163399965 200344.65901229245355353),910GWALHAMX,Waltham Cross,6823,WLC,Not in London
Point (562319.8063813338521868 188047.99245538166724145),WHR,West Horndon,7466,,Not in London
Point (533840.9301755977794528 158508.16434403182938695),WHY,Whyteleafe,5396,,Not in London
Point (534154.87819563085213304 157785.31791854664334096),WHS,Whyteleafe South,5439,,Not in London
Point (535939.98998789791949093 156360.2437815798621159),WOH,Woldingham,5440,,Not in London
